BARCODE,CUSTOMER CODE
3.2101E+13,PA
3.21011E+13,PA
3.21011E+13,PA
3.2101E+13,PA
3.21011E+13,PA
3.21011E+13,PA
